Date,Commodity,Region,Price,Unit,Source,Retrieved_At
2026-05-01,Ammonium Sulfate (AMS),Corn Belt,550.0,USD/short ton,FertilizerPrice.com,2026-09-28T18:45:00
2026-05-01,Ammonium Sulfate (AMS),Mountain,684.8,USD/short ton,FertilizerPrice.com,2026-09-28T18:45:00
2026-05-01,Ammonium Sulfate (AMS),Northeast,584.0,USD/short ton,FertilizerPrice.com,2026-09-28T18:45:00
2026-05-01,Ammonium Sulfate (AMS),Pacific,770.2,USD/short ton,FertilizerPrice.com,2026-09-28T18:45:00
2026-05-01,Ammonium Sulfate (AMS),Southeast,553.0,USD/short ton,FertilizerPrice.com,2026-09-28T18:45:00
2026-05-01,Ammonium Sulfate (AMS),Southern Plains,415.0,USD/short ton,FertilizerPrice.com,2026-09-28T18:45:00
2026-09-18,Anhydrous Ammonia,Corn Belt,768.0,USD/short ton,FertilizerPrice.com,2026-09-28T18:45:00
2026-09-18,Anhydrous Ammonia,Southern Plains,863.0,USD/short ton,FertilizerPrice.com,2026-09-28T18:45:00
2026-09-18,DAP,Corn Belt,928.57,USD/short ton,FertilizerPrice.com,2026-09-28T18:45:00
2026-09-18,DAP,Delta States,895.0,USD/short ton,FertilizerPrice.com,2026-09-28T18:45:00
2026-09-18,DAP,Northeast,875.0,USD/short ton,FertilizerPrice.com,2026-09-28T18:45:00
2026-09-18,DAP,Southeast,961.83,USD/short ton,FertilizerPrice.com,2026-09-28T18:45:00
2026-09-18,DAP,Southern Plains,277.0,USD/short ton,FertilizerPrice.com,2026-09-28T18:45:00
2026-09-18,MAP,Corn Belt,950.0,USD/short ton,FertilizerPrice.com,2026-09-28T18:45:00
2026-09-18,MAP,Mountain,1089.8,USD/short ton,FertilizerPrice.com,2026-09-28T18:45:00
2026-09-18,MAP,Northeast,937.0,USD/short ton,FertilizerPrice.com,2026-09-28T18:45:00
2026-09-18,MAP,Pacific,1235.67,USD/short ton,FertilizerPrice.com,2026-09-28T18:45:00
2026-09-18,MAP,Southern Plains,942.25,USD/short ton,FertilizerPrice.com,2026-09-28T18:45:00
2026-09-18,Potash (MOP),Corn Belt,466.75,USD/short ton,FertilizerPrice.com,2026-09-28T18:45:00
2026-09-18,Potash (MOP),Delta States,550.0,USD/short ton,FertilizerPrice.com,2026-09-28T18:45:00
2026-09-18,Potash (MOP),Mountain,662.5,USD/short ton,FertilizerPrice.com,2026-09-28T18:45:00
2026-09-18,Potash (MOP),Northeast,476.6,USD/short ton,FertilizerPrice.com,2026-09-28T18:45:00
2026-09-18,Potash (MOP),Pacific,744.17,USD/short ton,FertilizerPrice.com,2026-09-28T18:45:00
2026-09-18,Potash (MOP),Southeast,535.2,USD/short ton,FertilizerPrice.com,2026-09-28T18:45:00
2026-09-18,Potash (MOP),Southern Plains,493.46,USD/short ton,FertilizerPrice.com,2026-09-28T18:45:00
2026-09-18,UAN 28%,Corn Belt,506.88,USD/short ton,FertilizerPrice.com,2026-09-28T18:45:00
2026-09-18,UAN 28%,Southeast,600.0,USD/short ton,FertilizerPrice.com,2026-09-28T18:45:00
2026-09-18,UAN 28%,Southern Plains,422.89,USD/short ton,FertilizerPrice.com,2026-09-28T18:45:00
2026-09-18,Urea,Corn Belt,722.0,USD/short ton,FertilizerPrice.com,2026-09-28T18:45:00
2026-09-18,Urea,Delta States,835.0,USD/short ton,FertilizerPrice.com,2026-09-28T18:45:00
2026-09-18,Urea,Mountain,891.25,USD/short ton,FertilizerPrice.com,2026-09-28T18:45:00
2026-09-18,Urea,Northeast,662.0,USD/short ton,FertilizerPrice.com,2026-09-28T18:45:00
2026-09-18,Urea,Pacific,1085.6,USD/short ton,FertilizerPrice.com,2026-09-28T18:45:00
2026-09-18,Urea,Southeast,730.0,USD/short ton,FertilizerPrice.com,2026-09-28T18:45:00
2026-09-18,Urea,Southern Plains,646.28,USD/short ton,FertilizerPrice.com,2026-09-28T18:45:00
2026-10-03,Ammonium Sulfate (AMS),Corn Belt,550.0,USD/short ton,FertilizerPrice.com,2026-10-03T20:22:42
2026-10-03,Ammonium Sulfate (AMS),Mountain,672.0,USD/short ton,FertilizerPrice.com,2026-10-03T20:22:42
2026-10-03,Ammonium Sulfate (AMS),Northeast,584.0,USD/short ton,FertilizerPrice.com,2026-10-03T20:22:42
2026-10-03,Ammonium Sulfate (AMS),Pacific,770.2,USD/short ton,FertilizerPrice.com,2026-10-03T20:22:42
2026-10-03,Ammonium Sulfate (AMS),Southeast,475.0,USD/short ton,FertilizerPrice.com,2026-10-03T20:22:42
2026-10-03,Ammonium Sulfate (AMS),Southern Plains,415.0,USD/short ton,FertilizerPrice.com,2026-10-03T20:22:42
2026-10-03,Anhydrous Ammonia,Corn Belt,945.0,USD/short ton,FertilizerPrice.com,2026-10-03T20:22:42
2026-10-03,Anhydrous Ammonia,Southern Plains,863.0,USD/short ton,FertilizerPrice.com,2026-10-03T20:22:42
2026-10-03,DAP,Corn Belt,929.29,USD/short ton,FertilizerPrice.com,2026-10-03T20:22:42
2026-10-03,DAP,Delta States,895.0,USD/short ton,FertilizerPrice.com,2026-10-03T20:22:42
2026-10-03,DAP,Northeast,875.0,USD/short ton,FertilizerPrice.com,2026-10-03T20:22:42
2026-10-03,DAP,Southeast,961.83,USD/short ton,FertilizerPrice.com,2026-10-03T20:22:42
2026-10-03,DAP,Southern Plains,277.0,USD/short ton,FertilizerPrice.com,2026-10-03T20:22:42
2026-10-03,Liquid Phosphate 10-34-0,Corn Belt,550.0,USD/short ton,FertilizerPrice.com,2026-10-03T20:22:42
2026-10-03,MAP,Corn Belt,936.0,USD/short ton,FertilizerPrice.com,2026-10-03T20:22:42
2026-10-03,MAP,Mountain,1020.0,USD/short ton,FertilizerPrice.com,2026-10-03T20:22:42
2026-10-03,MAP,Northeast,937.0,USD/short ton,FertilizerPrice.com,2026-10-03T20:22:42
2026-10-03,MAP,Pacific,1235.67,USD/short ton,FertilizerPrice.com,2026-10-03T20:22:42
2026-10-03,MAP,Southern Plains,942.25,USD/short ton,FertilizerPrice.com,2026-10-03T20:22:42
2026-10-03,Potash (MOP),Corn Belt,516.36,USD/short ton,FertilizerPrice.com,2026-10-03T20:22:42
2026-10-03,Potash (MOP),Delta States,550.0,USD/short ton,FertilizerPrice.com,2026-10-03T20:22:42
2026-10-03,Potash (MOP),Mountain,662.5,USD/short ton,FertilizerPrice.com,2026-10-03T20:22:42
2026-10-03,Potash (MOP),Northeast,476.6,USD/short ton,FertilizerPrice.com,2026-10-03T20:22:42
2026-10-03,Potash (MOP),Pacific,744.17,USD/short ton,FertilizerPrice.com,2026-10-03T20:22:42
2026-10-03,Potash (MOP),Southeast,535.2,USD/short ton,FertilizerPrice.com,2026-10-03T20:22:42
2026-10-03,Potash (MOP),Southern Plains,493.46,USD/short ton,FertilizerPrice.com,2026-10-03T20:22:42
2026-10-03,UAN 28%,Corn Belt,466.67,USD/short ton,FertilizerPrice.com,2026-10-03T20:22:42
2026-10-03,UAN 28%,Southeast,600.0,USD/short ton,FertilizerPrice.com,2026-10-03T20:22:42
2026-10-03,UAN 28%,Southern Plains,422.89,USD/short ton,FertilizerPrice.com,2026-10-03T20:22:42
2026-10-03,UAN 32%,Corn Belt,530.0,USD/short ton,FertilizerPrice.com,2026-10-03T20:22:42
2026-10-03,UAN 32%,Mountain,760.0,USD/short ton,FertilizerPrice.com,2026-10-03T20:22:42
2026-10-03,UAN 32%,Northeast,531.0,USD/short ton,FertilizerPrice.com,2026-10-03T20:22:42
2026-10-03,UAN 32%,Pacific,822.05,USD/short ton,FertilizerPrice.com,2026-10-03T20:22:42
2026-10-03,UAN 32%,Southern Plains,501.67,USD/short ton,FertilizerPrice.com,2026-10-03T20:22:42
2026-10-03,Urea,Corn Belt,770.0,USD/short ton,FertilizerPrice.com,2026-10-03T20:22:42
2026-10-03,Urea,Delta States,835.0,USD/short ton,FertilizerPrice.com,2026-10-03T20:22:42
2026-10-03,Urea,Mountain,888.75,USD/short ton,FertilizerPrice.com,2026-10-03T20:22:42
2026-10-03,Urea,Northeast,662.0,USD/short ton,FertilizerPrice.com,2026-10-03T20:22:42
2026-10-03,Urea,Pacific,1085.6,USD/short ton,FertilizerPrice.com,2026-10-03T20:22:42
2026-10-03,Urea,Southeast,730.0,USD/short ton,FertilizerPrice.com,2026-10-03T20:22:42
2026-10-03,Urea,Southern Plains,646.28,USD/short ton,FertilizerPrice.com,2026-10-03T20:22:42
2026-10-09,Ammonium Sulfate (AMS),Corn Belt,550.0,USD/short ton,FertilizerPrice.com,2026-10-09T17:23:50
2026-10-09,Ammonium Sulfate (AMS),Mountain,672.0,USD/short ton,FertilizerPrice.com,2026-10-09T17:23:50
2026-10-09,Ammonium Sulfate (AMS),Northeast,538.4,USD/short ton,FertilizerPrice.com,2026-10-09T17:23:50
2026-10-09,Ammonium Sulfate (AMS),Pacific,770.2,USD/short ton,FertilizerPrice.com,2026-10-09T17:23:50
2026-10-09,Ammonium Sulfate (AMS),Southeast,475.0,USD/short ton,FertilizerPrice.com,2026-10-09T17:23:50
2026-10-09,Ammonium Sulfate (AMS),Southern Plains,415.0,USD/short ton,FertilizerPrice.com,2026-10-09T17:23:50
2026-10-09,Anhydrous Ammonia,Corn Belt,945.0,USD/short ton,FertilizerPrice.com,2026-10-09T17:23:50
2026-10-09,Anhydrous Ammonia,Southern Plains,866.33,USD/short ton,FertilizerPrice.com,2026-10-09T17:23:50
2026-10-09,DAP,Corn Belt,929.29,USD/short ton,FertilizerPrice.com,2026-10-09T17:23:50
2026-10-09,DAP,Delta States,895.0,USD/short ton,FertilizerPrice.com,2026-10-09T17:23:50
2026-10-09,DAP,Northeast,930.0,USD/short ton,FertilizerPrice.com,2026-10-09T17:23:50
2026-10-09,DAP,Southeast,961.83,USD/short ton,FertilizerPrice.com,2026-10-09T17:23:50
2026-10-09,DAP,Southern Plains,277.0,USD/short ton,FertilizerPrice.com,2026-10-09T17:23:50
2026-10-09,MAP,Corn Belt,936.0,USD/short ton,FertilizerPrice.com,2026-10-09T17:23:50
2026-10-09,MAP,Mountain,1020.0,USD/short ton,FertilizerPrice.com,2026-10-09T17:23:50
2026-10-09,MAP,Northeast,967.2,USD/short ton,FertilizerPrice.com,2026-10-09T17:23:50
2026-10-09,MAP,Pacific,1235.67,USD/short ton,FertilizerPrice.com,2026-10-09T17:23:50
2026-10-09,MAP,Southern Plains,942.25,USD/short ton,FertilizerPrice.com,2026-10-09T17:23:50
2026-10-09,Potash (MOP),Corn Belt,516.36,USD/short ton,FertilizerPrice.com,2026-10-09T17:23:50
2026-10-09,Potash (MOP),Delta States,550.0,USD/short ton,FertilizerPrice.com,2026-10-09T17:23:50
2026-10-09,Potash (MOP),Mountain,662.5,USD/short ton,FertilizerPrice.com,2026-10-09T17:23:50
2026-10-09,Potash (MOP),Northeast,471.6,USD/short ton,FertilizerPrice.com,2026-10-09T17:23:50
2026-10-09,Potash (MOP),Pacific,744.17,USD/short ton,FertilizerPrice.com,2026-10-09T17:23:50
2026-10-09,Potash (MOP),Southeast,535.2,USD/short ton,FertilizerPrice.com,2026-10-09T17:23:50
2026-10-09,Potash (MOP),Southern Plains,495.5,USD/short ton,FertilizerPrice.com,2026-10-09T17:23:50
2026-10-09,UAN 28%,Corn Belt,466.67,USD/short ton,FertilizerPrice.com,2026-10-09T17:23:50
2026-10-09,UAN 28%,Southeast,600.0,USD/short ton,FertilizerPrice.com,2026-10-09T17:23:50
2026-10-09,UAN 28%,Southern Plains,427.33,USD/short ton,FertilizerPrice.com,2026-10-09T17:23:50
2026-10-09,UAN 32%,Corn Belt,530.0,USD/short ton,FertilizerPrice.com,2026-10-09T17:23:50
2026-10-09,UAN 32%,Mountain,760.0,USD/short ton,FertilizerPrice.com,2026-10-09T17:23:50
2026-10-09,UAN 32%,Northeast,497.0,USD/short ton,FertilizerPrice.com,2026-10-09T17:23:50
2026-10-09,UAN 32%,Pacific,822.05,USD/short ton,FertilizerPrice.com,2026-10-09T17:23:50
2026-10-09,UAN 32%,Southeast,961.83,USD/short ton,FertilizerPrice.com,2026-10-09T17:23:50
2026-10-09,UAN 32%,Southern Plains,501.67,USD/short ton,FertilizerPrice.com,2026-10-09T17:23:50
2026-10-09,Urea,Corn Belt,770.0,USD/short ton,FertilizerPrice.com,2026-10-09T17:23:50
2026-10-09,Urea,Delta States,835.0,USD/short ton,FertilizerPrice.com,2026-10-09T17:23:50
2026-10-09,Urea,Mountain,888.75,USD/short ton,FertilizerPrice.com,2026-10-09T17:23:50
2026-10-09,Urea,Northeast,628.0,USD/short ton,FertilizerPrice.com,2026-10-09T17:23:50
2026-10-09,Urea,Pacific,1085.6,USD/short ton,FertilizerPrice.com,2026-10-09T17:23:50
2026-10-09,Urea,Southeast,730.0,USD/short ton,FertilizerPrice.com,2026-10-09T17:23:50
2026-10-09,Urea,Southern Plains,643.28,USD/short ton,FertilizerPrice.com,2026-10-09T17:23:50
